[{"typeID":"VoltageSource","id":"966bee68-dca2-491b-a613-3a51c58d5efc","editables":{"type":{"value":"Sine"},"voltage":{"value":1},"frequency":{"value":500,"zeroTime":0.6538399999999811}},"dragPoints":[{"x":80,"y":340},{"x":80,"y":200}]},{"typeID":"Resistor","id":"edebc012-1dbe-4bd5-8d17-8a9e27936e29","editables":{"resistance":{"value":50}},"dragPoints":[{"x":560,"y":200},{"x":560,"y":340}]},{"typeID":"Ground","id":"b7afcc99-0706-4011-8a32-9e0d2f97edd6","dragPoints":[{"x":80,"y":340},{"x":80,"y":400}]},{"typeID":"Inductor","id":"375432ca-23ba-445c-bfc8-64e61cffbf64","editables":{"inductance":{"value":0.012400000000000001}},"dragPoints":[{"x":80,"y":200},{"x":160,"y":200}]},{"typeID":"Inductor","id":"4fe7e09a-65b7-473f-ac78-530000e8b542","editables":{"inductance":{"value":0.014400000000000001}},"dragPoints":[{"x":160,"y":200},{"x":240,"y":200}]},{"typeID":"Inductor","id":"f78668e4-0f93-4709-af73-4d08f62f7637","editables":{"inductance":{"value":0.012}},"dragPoints":[{"x":240,"y":200},{"x":320,"y":200}]},{"typeID":"Inductor","id":"8805f46e-4912-4a40-b5e5-09f456a3536c","editables":{"inductance":{"value":0.0083}},"dragPoints":[{"x":320,"y":200},{"x":400,"y":200}]},{"typeID":"Inductor","id":"02a4101d-f673-4fba-a477-9f47a818e39b","editables":{"inductance":{"value":0.0037}},"dragPoints":[{"x":400,"y":200},{"x":480,"y":200}]},{"typeID":"Wire","id":"a0924da9-5db3-4d13-a5d2-0b28d5b0159b","dragPoints":[{"x":480,"y":200},{"x":560,"y":200}]},{"typeID":"Capacitor","id":"1caae40b-01bc-419d-bb08-7997ab67e1e2","editables":{"capacitance":{"value":0.0000059}},"dragPoints":[{"x":160,"y":200},{"x":160,"y":340}]},{"typeID":"Capacitor","id":"1079e20a-810f-46e5-9241-288f9c6888d6","editables":{"capacitance":{"value":0.0000054}},"dragPoints":[{"x":240,"y":200},{"x":240,"y":340}]},{"typeID":"Capacitor","id":"2b305318-4752-4aac-b33c-035b324c0174","editables":{"capacitance":{"value":0.0000041}},"dragPoints":[{"x":320,"y":200},{"x":320,"y":340}]},{"typeID":"Capacitor","id":"365377b0-86a8-406d-b940-b482e35ce578","editables":{"capacitance":{"value":0.0000024}},"dragPoints":[{"x":400,"y":200},{"x":400,"y":340}]},{"typeID":"Capacitor","id":"e48fe58c-36a5-4539-90a1-93571cb99bc0","editables":{"capacitance":{"value":4.979e-7}},"dragPoints":[{"x":480,"y":200},{"x":480,"y":340}]},{"typeID":"Ground","id":"861a7c9b-7fff-4eb7-ba0f-265591ae18af","dragPoints":[{"x":160,"y":340},{"x":160,"y":400}]},{"typeID":"Ground","id":"5b09b239-3613-4c3c-8e53-642f9f76c053","dragPoints":[{"x":240,"y":340},{"x":240,"y":400}]},{"typeID":"Ground","id":"1798462c-f49c-409a-99e8-713f4becc63a","dragPoints":[{"x":320,"y":340},{"x":320,"y":400}]},{"typeID":"Ground","id":"2e10dbc4-7600-4e58-9f09-36dfc177ae7c","dragPoints":[{"x":400,"y":340},{"x":400,"y":400}]},{"typeID":"Ground","id":"07fa2ff7-c34f-48e9-9afe-5cbd850fec53","dragPoints":[{"x":480,"y":340},{"x":480,"y":400}]},{"typeID":"Ground","id":"8b16c48f-4c49-4602-89e9-f88a6d95d469","dragPoints":[{"x":560,"y":340},{"x":560,"y":400}]}]
